"DESCRIPTION","DURATION IN MS","NAME","PARENT SUITE","START TIME","STATUS","STOP TIME","SUB SUITE","SUITE","TEST CLASS","TEST METHOD"
"","2966","SD-PROD-002 - Verify product names @regression","firefox","2026-10-09","passed","2026-10-09","SauceDemo - Products Module","product.spec.ts","",""
"","2596","SD-PROD-005 - Sort Z-A @regression","firefox","2026-10-09","passed","2026-10-09","SauceDemo - Products Module","product.spec.ts","",""
"","2005","get started link","chromium","2026-10-09","passed","2026-10-09","","example.spec.ts","",""
"","4474","SD-CHECK-004 - Postal code mandatory @regression","firefox","2026-10-09","passed","2026-10-09","SauceDemo - Checkout Module","Checkout.spec.ts","",""
"","2698","SD-PROD-004 - Sort A-Z @regression","firefox","2026-10-09","passed","2026-10-09","SauceDemo - Products Module","product.spec.ts","",""
"","5762","SD-CART-003 - Remove product @regression","chromium","2026-10-09","passed","2026-10-09","SauceDemo - Cart Module","cart.spec.ts","",""
"","4492","SD-LOGIN-005 - Blank password @regression","firefox","2026-10-09","passed","2026-10-09","SauceDemo - Login Module","login.spec.ts","",""
"","4106","SD-LOGOUT-001 - Logout successfully @smoke @regression","webkit","2026-10-09","passed","2026-10-09","SauceDemo - Logout Module","Logout.spec.ts","",""
"","2995","SD-PROD-003 - Verify product prices @regression","chromium","2026-10-09","passed","2026-10-09","SauceDemo - Products Module","product.spec.ts","",""
"","5945","SD-PROD-003 - Verify product prices @regression","webkit","2026-10-09","passed","2026-10-09","SauceDemo - Products Module","product.spec.ts","",""
"","3420","SD-PROD-008 - Add product to cart @smoke @regression","webkit","2026-10-09","passed","2026-10-09","SauceDemo - Products Module","product.spec.ts","",""
"","2112","SD-LOGIN-007 - Locked user @smoke @regression","chromium","2026-10-09","passed","2026-10-09","SauceDemo - Login Module","login.spec.ts","",""
"","19303","SD-CART-004 - Continue shopping @regression","firefox","2026-10-09","passed","2026-10-09","SauceDemo - Cart Module","cart.spec.ts","",""
"","6004","SD-CART-004 - Continue shopping @regression","webkit","2026-10-09","passed","2026-10-09","SauceDemo - Cart Module","cart.spec.ts","",""
"","1655","SD-CART-005 - Open checkout @smoke @regression","chromium","2026-10-09","passed","2026-10-09","SauceDemo - Cart Module","cart.spec.ts","",""
"","3210","SD-PROD-006 - Sort price low-high @regression","firefox","2026-10-09","passed","2026-10-09","SauceDemo - Products Module","product.spec.ts","",""
"","2263","SD-CHECK-001 - Valid checkout @smoke @regression","chromium","2026-10-09","passed","2026-10-09","SauceDemo - Checkout Module","Checkout.spec.ts","",""
"","2321","SD-PROD-007 - Sort products by price low to high @regression","chromium","2026-10-09","passed","2026-10-09","SauceDemo - Products Module","product.spec.ts","",""
"","3629","SD-PROD-003 - Verify product prices @regression","firefox","2026-10-09","passed","2026-10-09","SauceDemo - Products Module","product.spec.ts","",""
"","5881","SD-CHECK-005 - Verify checkout overview @regression","webkit","2026-10-09","passed","2026-10-09","SauceDemo - Checkout Module","Checkout.spec.ts","",""
"","1750","SD-PROD-004 - Verify product count @regression","chromium","2026-10-09","passed","2026-10-09","SauceDemo - Products Module","product.spec.ts","",""
"","4154","SD-CART-005 - Open checkout @smoke @regression","firefox","2026-10-09","passed","2026-10-09","SauceDemo - Cart Module","cart.spec.ts","",""
"","4345","SD-LOGOUT-001 - Logout successfully @smoke @regression","chromium","2026-10-09","passed","2026-10-09","SauceDemo - Logout Module","Logout.spec.ts","",""
"","4794","SD-PROD-001 - Verify products page @smoke @regression","firefox","2026-10-09","passed","2026-10-09","SauceDemo - Products Module","product.spec.ts","",""
"","5614","SD-CHECK-004 - Postal code mandatory @regression","webkit","2026-10-09","passed","2026-10-09","SauceDemo - Checkout Module","Checkout.spec.ts","",""
"","7931","SD-PROD-004 - Verify product count @regression","webkit","2026-10-09","passed","2026-10-09","SauceDemo - Products Module","product.spec.ts","",""
"","6098","SD-CHECK-006 - Verify total amount @regression","webkit","2026-10-09","passed","2026-10-09","SauceDemo - Checkout Module","Checkout.spec.ts","",""
"","1483","SD-PROD-001 - Products displayed @smoke @regression","chromium","2026-10-09","passed","2026-10-09","SauceDemo - Products Module","product.spec.ts","",""
"","6423","SD-CART-002 - Verify cart item count @smoke @regression","webkit","2026-10-09","passed","2026-10-09","SauceDemo - Cart Module","cart.spec.ts","",""
"","3104","has title","firefox","2026-10-09","passed","2026-10-09","","example.spec.ts","",""
"","1400","SD-PROD-004 - Sort A-Z @regression","chromium","2026-10-09","passed","2026-10-09","SauceDemo - Products Module","product.spec.ts","",""
"","5460","SD-CHECK-002 - First name mandatory @regression","firefox","2026-10-09","passed","2026-10-09","SauceDemo - Checkout Module","Checkout.spec.ts","",""
"","2031","SD-CHECK-005 - Verify checkout overview @regression","chromium","2026-10-09","passed","2026-10-09","SauceDemo - Checkout Module","Checkout.spec.ts","",""
"","2654","SD-PROD-007 - Sort price high-low @regression","firefox","2026-10-09","passed","2026-10-09","SauceDemo - Products Module","product.spec.ts","",""
"","6152","SD-CHECK-007 - Complete order @smoke @regression","webkit","2026-10-09","passed","2026-10-09","SauceDemo - Checkout Module","Checkout.spec.ts","",""
"","5805","SD-CART-001 - Verify product in cart @smoke @regression","chromium","2026-10-09","passed","2026-10-09","SauceDemo - Cart Module","cart.spec.ts","",""
"","3759","SD-LOGIN-001 - Valid login @smoke @regression","webkit","2026-10-09","passed","2026-10-09","SauceDemo - Login Module","login.spec.ts","",""
"","3830","SD-CHECK-005 - Verify checkout overview @regression","firefox","2026-10-09","passed","2026-10-09","SauceDemo - Checkout Module","Checkout.spec.ts","",""
"","3626","SD-PROD-004 - Verify product count @regression","firefox","2026-10-09","passed","2026-10-09","SauceDemo - Products Module","product.spec.ts","",""
"","8443","SD-CHECK-007 - Complete order @smoke @regression","firefox","2026-10-09","passed","2026-10-09","SauceDemo - Checkout Module","Checkout.spec.ts","",""
"","4070","SD-PROD-001 - Verify products page @smoke @regression","webkit","2026-10-09","passed","2026-10-09","SauceDemo - Products Module","product.spec.ts","",""
"","4785","SD-LOGOUT-002 - Verify login page after logout @regression","firefox","2026-10-09","passed","2026-10-09","SauceDemo - Logout Module","Logout.spec.ts","",""
"","4009","SD-PROD-005 - Add product to cart @smoke @regression","webkit","2026-10-09","passed","2026-10-09","SauceDemo - Products Module","product.spec.ts","",""
"","3134","SD-LOGIN-003 - Invalid username @regression","webkit","2026-10-09","passed","2026-10-09","SauceDemo - Login Module","login.spec.ts","",""
"","4916","SD-LOGOUT-001 - Logout successfully @smoke @regression","firefox","2026-10-09","passed","2026-10-09","SauceDemo - Logout Module","Logout.spec.ts","",""
"","5156","SD-CHECK-001 - Valid checkout @smoke @regression","firefox","2026-10-09","passed","2026-10-09","SauceDemo - Checkout Module","Checkout.spec.ts","",""
"","1391","SD-PROD-007 - Sort price high-low @regression","chromium","2026-10-09","passed","2026-10-09","SauceDemo - Products Module","product.spec.ts","",""
"","7266","SD-CART-001 - Verify product in cart @smoke @regression","webkit","2026-10-09","passed","2026-10-09","SauceDemo - Cart Module","cart.spec.ts","",""
"","2850","has title","webkit","2026-10-09","passed","2026-10-09","","example.spec.ts","",""
"","1882","SD-CHECK-008 - Verify order confirmation @smoke @regression","chromium","2026-10-09","passed","2026-10-09","SauceDemo - Checkout Module","Checkout.spec.ts","",""
"","4506","SD-LOGIN-008 - Redirect to Products @smoke @regression","firefox","2026-10-09","passed","2026-10-09","SauceDemo - Login Module","login.spec.ts","",""
"","5743","get started link","webkit","2026-10-09","passed","2026-10-09","","example.spec.ts","",""
"","1592","SD-PROD-006 - Sort price low-high @regression","chromium","2026-10-09","passed","2026-10-09","SauceDemo - Products Module","product.spec.ts","",""
"","23002","SD-CART-001 - Verify product in cart @smoke @regression","firefox","2026-10-09","passed","2026-10-09","SauceDemo - Cart Module","cart.spec.ts","",""
"","3035","SD-PROD-008 - Open shopping cart @smoke @regression","webkit","2026-10-09","passed","2026-10-09","SauceDemo - Products Module","product.spec.ts","",""
"","1180","SD-PROD-008 - Add product to cart @smoke @regression","chromium","2026-10-09","passed","2026-10-09","SauceDemo - Products Module","product.spec.ts","",""
"","5768","SD-PROD-006 - Remove product from cart @regression","chromium","2026-10-09","passed","2026-10-09","SauceDemo - Products Module","product.spec.ts","",""
"","5746","SD-CHECK-003 - Last name mandatory @regression","webkit","2026-10-09","passed","2026-10-09","SauceDemo - Checkout Module","Checkout.spec.ts","",""
"","2145","SD-CHECK-003 - Last name mandatory @regression","chromium","2026-10-09","passed","2026-10-09","SauceDemo - Checkout Module","Checkout.spec.ts","",""
"","2429","SD-LOGIN-006 - Both fields blank @regression","chromium","2026-10-09","passed","2026-10-09","SauceDemo - Login Module","login.spec.ts","",""
"","3392","SD-LOGOUT-002 - Verify login page after logout @regression","chromium","2026-10-09","passed","2026-10-09","SauceDemo - Logout Module","Logout.spec.ts","",""
"","21598","SD-PROD-007 - Sort products by price low to high @regression","firefox","2026-10-09","passed","2026-10-09","SauceDemo - Products Module","product.spec.ts","",""
"","3451","SD-LOGIN-006 - Both fields blank @regression","firefox","2026-10-09","passed","2026-10-09","SauceDemo - Login Module","login.spec.ts","",""
"","4014","SD-PROD-005 - Add product to cart @smoke @regression","firefox","2026-10-09","passed","2026-10-09","SauceDemo - Products Module","product.spec.ts","",""
"","2827","SD-CHECK-008 - Verify order confirmation @smoke @regression","firefox","2026-10-09","passed","2026-10-09","SauceDemo - Checkout Module","Checkout.spec.ts","",""
"","3066","SD-PROD-007 - Sort products by price low to high @regression","webkit","2026-10-09","passed","2026-10-09","SauceDemo - Products Module","product.spec.ts","",""
"","2658","SD-PROD-007 - Sort price high-low @regression","webkit","2026-10-09","passed","2026-10-09","SauceDemo - Products Module","product.spec.ts","",""
"","2957","SD-LOGIN-007 - Locked user @smoke @regression","firefox","2026-10-09","passed","2026-10-09","SauceDemo - Login Module","login.spec.ts","",""
"","1977","SD-CHECK-006 - Verify total amount @regression","chromium","2026-10-09","passed","2026-10-09","SauceDemo - Checkout Module","Checkout.spec.ts","",""
"","3776","SD-LOGIN-007 - Locked user @smoke @regression","webkit","2026-10-09","passed","2026-10-09","SauceDemo - Login Module","login.spec.ts","",""
"","1995","SD-PROD-008 - Open shopping cart @smoke @regression","chromium","2026-10-09","passed","2026-10-09","SauceDemo - Products Module","product.spec.ts","",""
"","6011","SD-CHECK-002 - First name mandatory @regression","webkit","2026-10-09","passed","2026-10-09","SauceDemo - Checkout Module","Checkout.spec.ts","",""
"","5004","SD-LOGOUT-002 - Verify login page after logout @regression","webkit","2026-10-09","passed","2026-10-09","SauceDemo - Logout Module","Logout.spec.ts","",""
"","2400","SD-PROD-008 - Add product to cart @smoke @regression","firefox","2026-10-09","passed","2026-10-09","SauceDemo - Products Module","product.spec.ts","",""
"","1476","SD-LOGIN-005 - Blank password @regression","chromium","2026-10-09","passed","2026-10-09","SauceDemo - Login Module","login.spec.ts","",""
"","11279","SD-CHECK-008 - Verify order confirmation @smoke @regression","webkit","2026-10-09","passed","2026-10-09","SauceDemo - Checkout Module","Checkout.spec.ts","",""
"","5558","SD-CART-002 - Verify cart item count @smoke @regression","chromium","2026-10-09","passed","2026-10-09","SauceDemo - Cart Module","cart.spec.ts","",""
"","2794","SD-PROD-001 - Products displayed @smoke @regression","firefox","2026-10-09","passed","2026-10-09","SauceDemo - Products Module","product.spec.ts","",""
"","3387","SD-PROD-001 - Products displayed @smoke @regression","webkit","2026-10-09","passed","2026-10-09","SauceDemo - Products Module","product.spec.ts","",""
"","3832","SD-PROD-002 - Verify product names @regression","webkit","2026-10-09","passed","2026-10-09","SauceDemo - Products Module","product.spec.ts","",""
"","7364","SD-CART-003 - Remove product @regression","webkit","2026-10-09","passed","2026-10-09","SauceDemo - Cart Module","cart.spec.ts","",""
"","4131","SD-PROD-008 - Open shopping cart @smoke @regression","firefox","2026-10-09","passed","2026-10-09","SauceDemo - Products Module","product.spec.ts","",""
"","9968","SD-CART-005 - Open checkout @smoke @regression","webkit","2026-10-09","passed","2026-10-09","SauceDemo - Cart Module","cart.spec.ts","",""
"","12513","SD-CHECK-006 - Verify total amount @regression","firefox","2026-10-09","passed","2026-10-09","SauceDemo - Checkout Module","Checkout.spec.ts","",""
"","1350","SD-PROD-005 - Sort Z-A @regression","chromium","2026-10-09","passed","2026-10-09","SauceDemo - Products Module","product.spec.ts","",""
"","4082","SD-LOGIN-002 - Invalid password @regression","webkit","2026-10-09","passed","2026-10-09","SauceDemo - Login Module","login.spec.ts","",""
"","7944","Login to SauceDemo","firefox","2026-10-07","passed","2026-10-07","","login.spec.ts","",""
"","1932","SD-LOGIN-008 - Redirect to Products @smoke @regression","chromium","2026-10-09","passed","2026-10-09","SauceDemo - Login Module","login.spec.ts","",""
"","8301","SD-LOGIN-003 - Invalid username @regression","firefox","2026-10-09","passed","2026-10-09","SauceDemo - Login Module","login.spec.ts","",""
"","4186","SD-PROD-004 - Sort A-Z @regression","webkit","2026-10-09","passed","2026-10-09","SauceDemo - Products Module","product.spec.ts","",""
"","5572","SD-LOGIN-001 - Valid login @smoke @regression","firefox","2026-10-09","passed","2026-10-09","SauceDemo - Login Module","login.spec.ts","",""
"","1620","has title","chromium","2026-10-09","passed","2026-10-09","","example.spec.ts","",""
"","3595","SD-LOGIN-006 - Both fields blank @regression","webkit","2026-10-09","passed","2026-10-09","SauceDemo - Login Module","login.spec.ts","",""
"","21157","SD-CART-002 - Verify cart item count @smoke @regression","firefox","2026-10-09","passed","2026-10-09","SauceDemo - Cart Module","cart.spec.ts","",""
"","6117","Login to SauceDemo","webkit","2026-10-07","passed","2026-10-07","","login.spec.ts","",""
"","4229","SD-PROD-006 - Remove product from cart @regression","webkit","2026-10-09","passed","2026-10-09","SauceDemo - Products Module","product.spec.ts","",""
"","2351","SD-PROD-005 - Add product to cart @smoke @regression","chromium","2026-10-09","passed","2026-10-09","SauceDemo - Products Module","product.spec.ts","",""
"","1509","SD-LOGIN-003 - Invalid username @regression","chromium","2026-10-09","passed","2026-10-09","SauceDemo - Login Module","login.spec.ts","",""
"","4751","SD-PROD-006 - Remove product from cart @regression","firefox","2026-10-09","passed","2026-10-09","SauceDemo - Products Module","product.spec.ts","",""
"","7564","get started link","firefox","2026-10-09","passed","2026-10-09","","example.spec.ts","",""
"","2376","SD-CHECK-004 - Postal code mandatory @regression","chromium","2026-10-09","passed","2026-10-09","SauceDemo - Checkout Module","Checkout.spec.ts","",""
"","1917","SD-LOGIN-002 - Invalid password @regression","chromium","2026-10-09","passed","2026-10-09","SauceDemo - Login Module","login.spec.ts","",""
"","9972","SD-LOGIN-002 - Invalid password @regression","firefox","2026-10-09","passed","2026-10-09","SauceDemo - Login Module","login.spec.ts","",""
"","1775","SD-LOGIN-004 - Blank username @regression","chromium","2026-10-09","passed","2026-10-09","SauceDemo - Login Module","login.spec.ts","",""
"","2409","SD-LOGIN-004 - Blank username @regression","webkit","2026-10-09","passed","2026-10-09","SauceDemo - Login Module","login.spec.ts","",""
"","4124","SD-PROD-005 - Sort Z-A @regression","webkit","2026-10-09","passed","2026-10-09","SauceDemo - Products Module","product.spec.ts","",""
"","2794","SD-LOGIN-008 - Redirect to Products @smoke @regression","webkit","2026-10-09","passed","2026-10-09","SauceDemo - Login Module","login.spec.ts","",""
"","2075","SD-CHECK-007 - Complete order @smoke @regression","chromium","2026-10-09","passed","2026-10-09","SauceDemo - Checkout Module","Checkout.spec.ts","",""
"","19301","SD-CART-003 - Remove product @regression","firefox","2026-10-09","passed","2026-10-09","SauceDemo - Cart Module","cart.spec.ts","",""
"","3437","SD-PROD-006 - Sort price low-high @regression","webkit","2026-10-09","passed","2026-10-09","SauceDemo - Products Module","product.spec.ts","",""
"","5513","SD-CART-004 - Continue shopping @regression","chromium","2026-10-09","passed","2026-10-09","SauceDemo - Cart Module","cart.spec.ts","",""
"","3276","SD-PROD-001 - Verify products page @smoke @regression","chromium","2026-10-09","passed","2026-10-09","SauceDemo - Products Module","product.spec.ts","",""
"","3969","SD-LOGIN-004 - Blank username @regression","firefox","2026-10-09","passed","2026-10-09","SauceDemo - Login Module","login.spec.ts","",""
"","2962","SD-LOGIN-005 - Blank password @regression","webkit","2026-10-09","passed","2026-10-09","SauceDemo - Login Module","login.spec.ts","",""
"","2340","SD-PROD-002 - Verify product names @regression","chromium","2026-10-09","passed","2026-10-09","SauceDemo - Products Module","product.spec.ts","",""
"","4066","SD-CHECK-003 - Last name mandatory @regression","firefox","2026-10-09","passed","2026-10-09","SauceDemo - Checkout Module","Checkout.spec.ts","",""
"","6553","SD-CHECK-001 - Valid checkout @smoke @regression","webkit","2026-10-09","passed","2026-10-09","SauceDemo - Checkout Module","Checkout.spec.ts","",""
"","2261","SD-LOGIN-001 - Valid login @smoke @regression","chromium","2026-10-09","passed","2026-10-09","SauceDemo - Login Module","login.spec.ts","",""
"","2305","SD-CHECK-002 - First name mandatory @regression","chromium","2026-10-09","passed","2026-10-09","SauceDemo - Checkout Module","Checkout.spec.ts","",""
"","4742","Login to SauceDemo","chromium","2026-10-07","passed","2026-10-07","","login.spec.ts","",""
